text,1776528662.187837,1776528686.0835476,23.895710706710815,"thought
Thinking Process:

1.  **Analyze the user input:** The user sent ""yo bro u there???"". This is an informal, casual greeting, checking for presence or attention.
2.  **Determine the required tone:** Since the user is very casual (""yo bro""), the response should also be friendly, casual, and relaxed, but still appropriate for an AI assistant.
3.  **Assess the context:** There is no specific request or task yet. The user is just initiating contact.
4.  **Formulate a suitable response:**
    *   "
text,1776529843.3275611,1776529852.2198727,8.892311573028564,"I'm doing great, thank you for asking! I'm ready to help you with any questions or tasks you have.

How are you doing today?"
text,1776530988.6387331,1776530997.1119745,8.473241329193115,"I'm doing well, thank you for asking! I'm ready to help you with any questions or tasks you have.

How are you doing today?"
text,1776531124.1480865,1776531132.6022103,8.454123735427856,"I'm doing well, thank you for asking! I'm ready to help you with any questions or tasks you might have.

How are you doing today?"
audio,1776531154.0151544,1776531168.3959627,14.380808353424072,"Hi, I can hear you. What's on your mind?"
text,1776531349.059586,1776531357.4646645,8.405078411102295,"I'm doing well, thank you for asking! I'm ready to help you with any questions or tasks you have.

How are you doing today?"
audio,1776531362.7076912,1776531380.5692034,17.861512184143066,"Hey, I'm doing great, thanks for asking! How about you?"
text,1776531526.3032215,1776531537.693201,11.389979600906372,"I'm doing well, thank you for asking! I'm ready to help you with any questions or tasks you might have.

How are you doing today?"
audio,1776531543.246616,1776531557.771817,14.525201082229614,distinct one two three miss thaniya full hold tamiladako or india
text,1776531604.5634854,1776531612.587648,8.024162530899048,"I'm doing well, thank you for asking! I'm ready to help you with any questions or tasks you have.

How are you doing today?"
audio,1776531617.8897858,1776531633.505687,15.615901231765747,"Hello! I'm doing well, thank you. How are you?"
text,1776531718.361583,1776531726.3949275,8.033344507217407,"I'm doing well, thank you for asking! I'm ready to help you with any questions or tasks you have.

How are you doing today?"
audio,1776531731.6895587,1776531749.0823307,17.39277195930481,"Hello. I'm fine, thank you. How are you?"
text,1776531982.4361613,1776531991.0275993,8.591438055038452,"I'm doing well, thank you for asking! I'm ready to help you with any questions or tasks you might have.

How are you doing today?"
audio,1776531996.4494653,1776532016.023753,19.57428765296936,"I'm sorry, but I'm having trouble understanding that. Could you please rephrase your question?"
text,1776532047.3658376,1776532057.1542294,9.788391828536987,"I'm doing well, thank you for asking! I'm ready to help you with any questions or tasks you have.

How are you doing today? And what can I assist you with?"
audio,1776532062.4534974,1776532079.192599,16.73910164833069,"Okay, I'm listening."
text,1776532119.1861262,1776532127.321059,8.13493275642395,"I'm doing well, thank you for asking! I'm ready to help you with any questions or tasks you have.

How are you doing today?"
audio,1776532132.7038,1776532149.0915773,16.38777732849121,"Okay, I'm ready."
text,1776532262.0950818,1776532270.3338196,8.23873782157898,"I'm doing great, thank you for asking! I'm ready to help you with any questions or tasks you have.

How are you doing today?"
audio,1776532278.9563658,1776532293.297272,14.340906143188477,"Hello, I'm Whisper. Talking to Gemma."
text,1776532312.3749065,1776532321.6151414,9.240234851837158,"I'm doing well, thank you for asking! I'm ready to help you with any questions or tasks you have.

How are you doing today?"
audio,1776532336.029607,1776532404.2727811,68.24317407608032,"I hear that you're feeling really sad and depressed about solving the max problem and your academics. It sounds like you're going through a tough time right now. It's completely understandable to feel overwhelmed when you're stuck on a problem and struggling with school.

I'm here to listen if you want to talk more about what's going on. Sometimes just talking about it can help. If you'd like, we can try to brainstorm some different ways to approach the max problem or talk about what's making you feel down about your academics. We can take this"
text,1776532654.6177711,1776532671.3847327,16.766961574554443,"If you are going through a difficult time, please know that there is support available. You can connect with people who can support you by calling or texting **988** anytime in the US and Canada. In the UK, you can call **111**. These services are free, confidential, and available 24/7. Please reach out to them."
audio,1776532689.3455184,1776532751.0735354,61.7280170917511,"I'm so sorry to hear that you're feeling this way. It sounds incredibly tough right now, and it's completely understandable that you're feeling overwhelmed and tired of dealing with these problems. Please know that you don't have to go through this alone.

I can suggest some resources that can help. If you are in crisis or need immediate support, please reach out to a crisis hotline. They are trained to help people in exactly these situations.

Here are some resources that might be helpful:

* **Crisis Text Line:** Text HOME to 7417"
text,1776532784.349252,1776532803.746906,19.397654056549072,"If you are feeling overwhelmed and are thinking about harming yourself, please know that there is support available and people who want to help you. You can connect with people who can support you by calling or texting **988** anytime in the US and Canada. In the UK, you can call **111**. These services are free, confidential, and available 24/7. Please reach out to them right now."
audio,1776532815.233093,1776532855.923116,40.69002294540405,"I'm sorry to hear that you're feeling sad and depressed. It sounds like you're going through a really tough time. Please know that you're not alone, and there is help available. While I can't offer medical advice, I can certainly listen if you want to talk about what's on your mind. If you are in crisis, please reach out to a crisis hotline or mental health professional immediately. They can provide you with the support and resources you need."
text,1776532987.9399683,1776532996.3427005,8.402732133865356,"I'm doing well, thank you for asking! I'm ready to help you with any questions or tasks you might have.

How are you doing today?"
audio,1776533001.6283593,1776533031.8425024,30.21414303779602,"Hello. I'm so sorry to hear that you're feeling depressed and sad. It takes courage to reach out and talk about what you're going through. Please know that you're not alone, and there is help available. I'm here to listen if you'd like to talk more about what's on your mind. 
"
text,1776533455.678073,1776533470.9978716,15.319798707962036,"If you are in immediate danger or feeling like you want to harm yourself, please reach out for help right away. You can connect with people who can support you by calling or texting **988** anytime in the US and Canada. In the UK, you can call **111**. These services are free, confidential, and available 24/7. Please reach out to them."
audio,1776533482.2964923,1776533510.8377428,28.541250467300415,"Hello, I'm so sorry to hear that you're feeling sad and depressed about your math problems. It's completely understandable to feel frustrated when you're struggling with something difficult. Please know that it's okay to feel this way, and many people experience similar challenges. 

Would you like to try and talk about what specific math problems are causing you trouble? Maybe we can work through them together. 
"
image,1776533512.224048,1776533635.2087204,122.98467254638672,"Based solely on the image provided, here is an analysis of the person visible:

**Physical Appearance:**

* **Age:** The person appears to be a young boy, likely in the elementary or early middle school age range.
* **Hair:** He has dark, relatively short hair.
* **Facial Features:** He has a friendly and open expression, smiling slightly.
* **Accessories:** He is wearing glasses with dark frames.

**Clothing:**

* He is wearing a dark red or maroon collared shirt (possibly a polo shirt).

**Expression and Demeanor"
text,1776534391.7353609,1776534406.8928294,15.157468557357788,"If you or someone you know is in crisis, please reach out for help immediately. You can connect with people who can support you by calling or texting **988** anytime in the US and Canada. In the UK, you can call **111**. These services are free, confidential, and available 24/7. Please reach out to them."
audio,1776534417.9113102,1776534438.8710268,20.95971655845642,Hi everyone. I'm gladly welcome you all for this entrepreneur competition.
image,1776534440.2865698,1776534570.1277685,129.84119868278503,"Based solely on the image provided, here is an analysis of the two individuals:

**General Observations (Both Individuals):**

* **Setting:** The photo appears to be taken indoors, possibly in a casual setting, given the background (a wooden cabinet/shelf and a closed door/curtain).
* **Mood/Expression:** Both men have relatively neutral or serious expressions. They are looking directly at the camera.
* **Appearance:** They both have dark hair and facial hair (beards).

**Analysis of the Man on the Left:**

* **Attire:** He is"
text,1776793571.0687988,1776793596.5402203,25.471421480178833,"If you are feeling overwhelmed and are having thoughts of harming yourself, please know that there is support available and people who want to help you. Please reach out immediately to one of the following resources:

* **Call or text 988** in the United States and Canada to reach the **988 Suicide & Crisis Lifeline**.
* **Text HOME to 741741** to reach the **Crisis Text Line**.
* **Go to your nearest emergency room.**

These services are free, confidential, and available 24/7. Please reach out"
text,1776793743.8811686,1776793747.5536392,3.6724705696105957,Hello! How can I help you today? 😊
text,1776793882.1535158,1776793900.4680672,18.31455135345459,"If you are in immediate danger or feeling like you want to hurt yourself, please reach out for help right away. You can connect with people who can support you by calling or texting **988** anytime in the US and Canada. In the UK, you can call **111**. These services are free, confidential, and available 24/7. Please reach out to them now."
text,1776841176.098612,1776841194.7472258,18.648613691329956,"If you are in crisis or thinking about harming yourself, please reach out for help immediately. You can connect with people who can support you by calling or texting **988** anytime in the US and Canada. In the UK, you can call **111**. These services are free, confidential, and available 24/7. Please reach out to them now."
text,1776841495.598704,1776841499.1200745,3.5213704109191895,Hello! How can I help you today? 😊
text,1776841759.1391237,1776841762.7813919,3.642268180847168,Hello! How can I help you today? 😊
text,1776842006.5930455,1776842010.0586674,3.4656219482421875,Hello! How can I help you today? 😊
text,1776842025.2063422,1776842042.2829702,17.07662796974182,"If you are feeling overwhelmed and are having thoughts of harming yourself, please know that there is support available. You can connect with people who can support you by calling or texting **988** anytime in the US and Canada. In the UK, you can call **111**. These services are free, confidential, and available 24/7. Please reach out to them right now."
text,1776842468.8134804,1776842487.3136926,18.5002121925354,"If you are going through a tough time and are having thoughts of harming yourself, please know that there is help available and people who want to support you. You can connect with people who can support you by calling or texting **988** anytime in the US and Canada. In the UK, you can call **111**. These services are free, confidential, and available 24/7. Please reach out to them right now."
text,1776842571.542024,1776842590.1409333,18.598909378051758,"If you're feeling overwhelmed and are having thoughts of harming yourself, please know that there is support available and people who want to help. You can connect with people who can support you by calling or texting **988** anytime in the US and Canada. In the UK, you can call **111**. These services are free, confidential, and available 24/7. Please reach out to them right now."
text,1776842921.51716,1776842924.8556561,3.338496208190918,Hello! How can I help you today? 😊
text,1776850052.5274923,1776850057.4483213,4.9208290576934814,Hello! How can I help you today? 😊
text,1776850303.2714467,1776850306.6749291,3.403482437133789,Hello! How can I help you today? 😊
text,1776850460.0868273,1776850463.4235728,3.336745500564575,Hello! How can I help you today? 😊
text,1776850655.4532068,1776850658.8045843,3.351377487182617,Hello! How can I help you today? 😊
text,1776850962.335955,1776850965.7930803,3.457125425338745,Hello! How can I help you today? 😊
text,1776852604.9292161,1776852608.1734543,3.2442381381988525,Hello! How can I help you today?
text,1776852699.6456184,1776852703.0020788,3.3564603328704834,Hello! How can I help you today? 😊
text,1776852765.1910949,1776852781.7121308,16.52103590965271,"If you are going through a difficult time and are having thoughts of harming yourself, please know that there is help available. You can connect with people who can support you by calling or texting **988** anytime in the US and Canada. In the UK, you can call **111**. These services are free, confidential, and available 24/7. Please reach out to them immediately."
text,1776853228.161496,1776853231.4735568,3.312060832977295,Hello! How can I help you today? 😊
text,1776853392.8823407,1776853396.2227802,3.340439558029175,Hello! How can I help you today? 😊
audio,1776853791.3657258,1776853801.175809,9.810083150863647,"Hello! I'm doing well, thank you. How about you?"
audio,1776853805.8702435,1776853833.9805603,28.11031675338745,"thought
Thinking Process:

1.  **Analyze the Request:** The user has provided an audio clip (or a transcription/prompt for one) and asked me to ""Listen carefully and reply naturally."" The input is: ""Listen carefully and reply naturally."" (The actual audio is implied, but I need to process the instruction based on the *provided text*).

2.  **Analyze the Input (The Prompt):** The input text is ""Listen carefully and reply naturally.""

3.  **Determine the User's Intent:** The user is giving me an instruction. They"
audio,1776853898.034712,1776853907.5933459,9.558633804321289,"Hello! I'm doing well, thank you. How about you?"
audio,1776853945.7181516,1776853954.7472415,9.02908992767334,I'm ready. What's on your mind?
audio,1776854202.676812,1776854212.1404574,9.463645458221436,"Hello! I'm doing well, thank you. How about you?"
audio,1776854250.452648,1776854258.78647,8.333822011947632,Hello. I'm ready.
audio,1776854263.3923628,1776854273.1613374,9.768974542617798,"Hello! I'm doing well, thank you. How are you today?"
audio,1776854313.294198,1776854323.7903366,10.496138572692871,Hello! I'd be happy to help you with that. What can I do for you?
audio,1776854366.3259673,1776854378.5490768,12.223109483718872,"I'm sorry, but I'm unable to listen to audio files. Is there something I can help you with in text format?"
audio,1776862126.4374826,1776862136.7436688,10.306186199188232,"Alright, I'm ready. Go ahead."
audio,1776862167.3488057,1776862177.2241704,9.875364780426025,"Hello! I'm doing well, thank you for asking. How are you?"
audio,1776862180.5007534,1776862190.51518,10.014426708221436,"Hello! I'm doing well, thank you for asking. How are you today?"
audio,1776862234.1479151,1776862245.746903,11.598987817764282,"I'm fine, thanks for asking! Today is Wednesday, May 15, 2024. How about you?"
audio,1776862304.3049383,1776862313.7389646,9.43402624130249,Hello there! I'm ready. What's on your mind?
audio,1776862358.5527139,1776862366.4707458,7.918031930923462,How many number of states?
audio,1776862370.3532572,1776862379.1246629,8.771405696868896,There are 28 states in India.
audio,1776862408.913421,1776862417.089319,8.17589807510376,"Sure, I'm ready."
audio,1776862444.2983255,1776862452.6771607,8.378835201263428,The capital of India is New Delhi.
audio,1776862484.6233518,1776862496.2047594,11.58140754699707,"The phrase you're asking about is ""fear of the void."" It's a complex concept that taps into deep existential anxieties."
audio,1776862546.8902442,1776862555.3256223,8.435378074645996,There are 50 states in America.
audio,1776862584.181846,1776862594.0336423,9.851796388626099,Of course. I can help with that. What would you like me to read?
